{
    "生成时间": "2026-03-04 18:09:12",
    "数据集": "dataset",
    "主表": "temp_a_utrm_use_3m_inline_encrypt_202511",
    "目标列": "flag",
    "演化世代": 5,
    "种群规模": 6,
    "模型指标": {
        "AUC": 0.6987582255692788,
        "AUC_std": 0.0014403928173302954,
        "KS": 0.2743,
        "最优阈值": 0.4925,
        "Precision": 0.0758,
        "Recall": 0.6405,
        "F1": 0.1355,
        "混淆矩阵": {
            "TP": 11321,
            "FP": 138052,
            "TN": 239008,
            "FN": 6355
        }
    },
    "特征数量": 26,
    "评估耗时_ms": 221188.3
}